entry_date,entry_price,pattern_score,pattern_desc,stop_loss,take_profit,outcome,forward_return_pct,final_score,description,relative_strength_score,volume_score,sma_score,volatility_score
2021-02-12,925.73,9.50,RS(4.0) Vol(1.7) SMA(3.0) Volatility(0.8),869.88,1037.42,HOLD_20_DAYS,3.30,9.50,RS(4.0) Vol(1.7) SMA(3.0) Volatility(0.8),4.00,1.71,3.00,0.79
2021-02-15,921.64,8.29,RS(4.0) Vol(0.3) SMA(3.0) Volatility(1.0),871.06,1022.80,HOLD_20_DAYS,3.35,8.29,RS(4.0) Vol(0.3) SMA(3.0) Volatility(1.0),4.00,0.29,3.00,1.00
2021-02-18,937.56,7.61,RS(3.4) Vol(0.0) SMA(3.0) Volatility(1.2),890.09,1032.51,HOLD_20_DAYS,0.69,7.61,RS(3.4) Vol(0.0) SMA(3.0) Volatility(1.2),3.44,0.00,3.00,1.17
2021-02-19,943.27,7.28,RS(3.1) Vol(0.0) SMA(3.0) Volatility(1.2),896.54,1036.74,HOLD_20_DAYS,-0.86,7.28,RS(3.1) Vol(0.0) SMA(3.0) Volatility(1.2),3.06,0.00,3.00,1.22
2021-03-04,986.60,8.19,RS(4.0) Vol(0.2) SMA(3.0) Volatility(1.0),933.20,1093.39,STOP_LOSS_HIT,-8.80,8.19,RS(4.0) Vol(0.2) SMA(3.0) Volatility(1.0),4.00,0.15,3.00,1.04
2021-03-05,987.89,7.74,RS(3.8) Vol(0.0) SMA(3.0) Volatility(1.0),933.03,1097.61,STOP_LOSS_HIT,-8.07,7.74,RS(3.8) Vol(0.0) SMA(3.0) Volatility(1.0),3.76,0.00,3.00,0.98
2021-03-09,993.49,7.89,RS(4.0) Vol(0.0) SMA(3.0) Volatility(0.9),936.11,1108.25,STOP_LOSS_HIT,-9.54,7.89,RS(4.0) Vol(0.0) SMA(3.0) Volatility(0.9),4.00,0.00,3.00,0.89
2021-03-10,989.36,7.89,RS(4.0) Vol(0.0) SMA(3.0) Volatility(0.9),932.27,1103.55,STOP_LOSS_HIT,-12.41,7.89,RS(4.0) Vol(0.0) SMA(3.0) Volatility(0.9),4.00,0.00,3.00,0.89
2021-05-21,908.02,7.73,RS(2.9) Vol(0.0) SMA(3.0) Volatility(1.8),876.47,971.12,TAKE_PROFIT_HIT,11.53,7.73,RS(2.9) Vol(0.0) SMA(3.0) Volatility(1.8),2.92,0.00,3.00,1.81
2021-05-28,949.85,10.06,RS(3.0) Vol(2.3) SMA(3.0) Volatility(1.8),915.44,1018.67,TAKE_PROFIT_HIT,0.81,10.06,RS(3.0) Vol(2.3) SMA(3.0) Volatility(1.8),2.98,2.32,3.00,1.75
2021-05-31,979.55,11.58,RS(4.0) Vol(3.0) SMA(3.0) Volatility(1.6),939.90,1058.83,HOLD_20_DAYS,-3.10,11.58,RS(4.0) Vol(3.0) SMA(3.0) Volatility(1.6),4.00,3.00,3.00,1.58
2021-06-01,983.45,11.52,RS(4.0) Vol(3.0) SMA(3.0) Volatility(1.5),942.06,1066.22,HOLD_20_DAYS,-3.40,11.52,RS(4.0) Vol(3.0) SMA(3.0) Volatility(1.5),4.00,3.00,3.00,1.52
2021-06-02,998.12,11.03,RS(4.0) Vol(2.6) SMA(3.0) Volatility(1.5),955.02,1084.31,STOP_LOSS_HIT,-3.78,11.03,RS(4.0) Vol(2.6) SMA(3.0) Volatility(1.5),4.00,2.56,3.00,1.47
2021-06-03,1001.92,10.20,RS(4.0) Vol(1.8) SMA(3.0) Volatility(1.4),957.67,1090.43,STOP_LOSS_HIT,-4.72,10.20,RS(4.0) Vol(1.8) SMA(3.0) Volatility(1.4),4.00,1.76,3.00,1.43
2021-06-04,993.24,9.92,RS(4.0) Vol(1.5) SMA(3.0) Volatility(1.4),949.04,1081.64,STOP_LOSS_HIT,-2.47,9.92,RS(4.0) Vol(1.5) SMA(3.0) Volatility(1.4),4.00,1.50,3.00,1.42
2021-06-07,1009.97,8.41,RS(4.0) Vol(0.0) SMA(3.0) Volatility(1.4),964.82,1100.28,STOP_LOSS_HIT,-3.13,8.41,RS(4.0) Vol(0.0) SMA(3.0) Volatility(1.4),4.00,0.00,3.00,1.41
2021-06-08,1004.17,8.51,RS(4.0) Vol(0.1) SMA(3.0) Volatility(1.4),960.00,1092.51,STOP_LOSS_HIT,-3.72,8.51,RS(4.0) Vol(0.1) SMA(3.0) Volatility(1.4),4.00,0.07,3.00,1.44
2021-06-09,986.21,8.32,RS(4.0) Vol(0.0) SMA(3.0) Volatility(1.3),939.90,1078.85,HOLD_20_DAYS,-2.65,8.32,RS(4.0) Vol(0.0) SMA(3.0) Volatility(1.3),4.00,0.00,3.00,1.32
2021-06-10,989.84,8.25,RS(4.0) Vol(0.0) SMA(3.0) Volatility(1.2),941.53,1086.47,HOLD_20_DAYS,-3.81,8.25,RS(4.0) Vol(0.0) SMA(3.0) Volatility(1.2),4.00,0.00,3.00,1.25
2021-06-11,1007.01,8.22,RS(4.0) Vol(0.0) SMA(3.0) Volatility(1.2),957.08,1106.87,STOP_LOSS_HIT,-6.41,8.22,RS(4.0) Vol(0.0) SMA(3.0) Volatility(1.2),4.00,0.00,3.00,1.22
2021-06-14,1021.46,8.18,RS(4.0) Vol(0.0) SMA(3.0) Volatility(1.2),969.81,1124.74,STOP_LOSS_HIT,-7.16,8.18,RS(4.0) Vol(0.0) SMA(3.0) Volatility(1.2),4.00,0.00,3.00,1.18
2021-06-15,1023.78,9.28,RS(4.0) Vol(1.1) SMA(3.0) Volatility(1.1),970.95,1129.44,STOP_LOSS_HIT,-6.68,9.28,RS(4.0) Vol(1.1) SMA(3.0) Volatility(1.1),4.00,1.15,3.00,1.14
2021-06-21,1017.98,8.55,RS(1.1) Vol(3.0) SMA(3.0) Volatility(1.4),973.17,1107.59,STOP_LOSS_HIT,-6.18,8.55,RS(1.1) Vol(3.0) SMA(3.0) Volatility(1.4),1.12,2.99,3.00,1.44
2021-08-17,984.76,8.29,RS(1.0) Vol(2.6) SMA(3.0) Volatility(1.7),948.06,1058.15,TAKE_PROFIT_HIT,12.20,8.29,RS(1.0) Vol(2.6) SMA(3.0) Volatility(1.7),0.98,2.60,3.00,1.71
2021-08-25,1002.21,7.84,RS(2.9) Vol(0.2) SMA(3.0) Volatility(1.7),964.47,1077.69,TAKE_PROFIT_HIT,13.04,7.84,RS(2.9) Vol(0.2) SMA(3.0) Volatility(1.7),2.93,0.22,3.00,1.69
2021-08-26,1014.88,8.24,RS(2.9) Vol(0.6) SMA(3.0) Volatility(1.7),977.71,1089.22,TAKE_PROFIT_HIT,11.31,8.24,RS(2.9) Vol(0.6) SMA(3.0) Volatility(1.7),2.88,0.63,3.00,1.73
2021-08-27,1013.49,10.18,RS(3.3) Vol(2.0) SMA(3.0) Volatility(1.8),979.02,1082.44,TAKE_PROFIT_HIT,13.34,10.18,RS(3.3) Vol(2.0) SMA(3.0) Volatility(1.8),3.29,2.04,3.00,1.84
2021-08-30,1032.99,8.80,RS(4.0) Vol(0.0) SMA(3.0) Volatility(1.8),996.88,1105.21,TAKE_PROFIT_HIT,12.24,8.80,RS(4.0) Vol(0.0) SMA(3.0) Volatility(1.8),4.00,0.00,3.00,1.80
2021-08-31,1027.49,9.66,RS(4.0) Vol(0.9) SMA(3.0) Volatility(1.8),991.23,1099.99,TAKE_PROFIT_HIT,11.94,9.66,RS(4.0) Vol(0.9) SMA(3.0) Volatility(1.8),4.00,0.87,3.00,1.79
2021-09-01,1031.56,10.94,RS(3.1) Vol(3.0) SMA(3.0) Volatility(1.8),995.42,1103.83,TAKE_PROFIT_HIT,11.12,10.94,RS(3.1) Vol(3.0) SMA(3.0) Volatility(1.8),3.14,3.00,3.00,1.80
2021-09-02,1043.98,8.45,RS(3.6) Vol(0.1) SMA(3.0) Volatility(1.7),1005.79,1120.36,TAKE_PROFIT_HIT,9.99,8.45,RS(3.6) Vol(0.1) SMA(3.0) Volatility(1.7),3.64,0.07,3.00,1.74
2021-09-03,1086.80,8.65,RS(4.0) Vol(0.0) SMA(3.0) Volatility(1.7),1044.73,1170.93,TAKE_PROFIT_HIT,7.02,8.65,RS(4.0) Vol(0.0) SMA(3.0) Volatility(1.7),4.00,0.00,3.00,1.65
2021-09-06,1103.68,11.64,RS(4.0) Vol(3.0) SMA(3.0) Volatility(1.6),1060.53,1189.97,HOLD_20_DAYS,7.57,11.64,RS(4.0) Vol(3.0) SMA(3.0) Volatility(1.6),4.00,3.00,3.00,1.64
2021-09-07,1110.64,11.63,RS(4.0) Vol(3.0) SMA(3.0) Volatility(1.6),1066.93,1198.06,HOLD_20_DAYS,4.87,11.63,RS(4.0) Vol(3.0) SMA(3.0) Volatility(1.6),4.00,3.00,3.00,1.63
2021-09-08,1106.29,10.22,RS(4.0) Vol(1.6) SMA(3.0) Volatility(1.6),1061.73,1195.42,HOLD_20_DAYS,5.80,10.22,RS(4.0) Vol(1.6) SMA(3.0) Volatility(1.6),4.00,1.63,3.00,1.59
2021-09-09,1103.68,9.32,RS(4.0) Vol(0.7) SMA(3.0) Volatility(1.6),1060.02,1191.00,TAKE_PROFIT_HIT,10.13,9.32,RS(4.0) Vol(0.7) SMA(3.0) Volatility(1.6),4.00,0.70,3.00,1.62
2021-09-13,1079.08,8.53,RS(4.0) Vol(0.0) SMA(3.0) Volatility(1.5),1033.91,1169.43,TAKE_PROFIT_HIT,11.85,8.53,RS(4.0) Vol(0.0) SMA(3.0) Volatility(1.5),4.00,0.00,3.00,1.53
2021-09-14,1077.67,9.68,RS(4.0) Vol(1.1) SMA(3.0) Volatility(1.5),1033.05,1166.93,TAKE_PROFIT_HIT,12.64,9.68,RS(4.0) Vol(1.1) SMA(3.0) Volatility(1.5),4.00,1.13,3.00,1.54
2021-09-15,1082.16,7.84,RS(3.3) Vol(0.0) SMA(3.0) Volatility(1.6),1038.35,1169.77,TAKE_PROFIT_HIT,13.31,7.84,RS(3.3) Vol(0.0) SMA(3.0) Volatility(1.6),3.26,0.00,3.00,1.58
2021-09-16,1104.86,8.36,RS(3.8) Vol(0.0) SMA(3.0) Volatility(1.5),1059.27,1196.04,TAKE_PROFIT_HIT,11.21,8.36,RS(3.8) Vol(0.0) SMA(3.0) Volatility(1.5),3.81,0.00,3.00,1.55
2021-09-17,1087.73,8.79,RS(4.0) Vol(0.4) SMA(3.0) Volatility(1.4),1038.66,1185.88,TAKE_PROFIT_HIT,13.26,8.79,RS(4.0) Vol(0.4) SMA(3.0) Volatility(1.4),4.00,0.39,3.00,1.40
2021-09-20,1089.46,9.77,RS(2.4) Vol(3.0) SMA(3.0) Volatility(1.4),1040.39,1187.59,TAKE_PROFIT_HIT,14.10,9.77,RS(2.4) Vol(3.0) SMA(3.0) Volatility(1.4),2.37,3.00,3.00,1.40
2021-09-24,1129.66,7.03,RS(1.6) Vol(0.8) SMA(3.0) Volatility(1.6),1084.06,1220.86,TAKE_PROFIT_HIT,4.80,7.03,RS(1.6) Vol(0.8) SMA(3.0) Volatility(1.6),1.60,0.84,3.00,1.59
2021-09-28,1159.39,9.36,RS(3.9) Vol(0.8) SMA(3.0) Volatility(1.7),1115.80,1246.59,TAKE_PROFIT_HIT,3.11,9.36,RS(3.9) Vol(0.8) SMA(3.0) Volatility(1.7),3.91,0.75,3.00,1.70
2021-09-29,1150.20,9.93,RS(4.0) Vol(1.3) SMA(3.0) Volatility(1.7),1106.44,1237.73,TAKE_PROFIT_HIT,2.80,9.93,RS(4.0) Vol(1.3) SMA(3.0) Volatility(1.7),4.00,1.25,3.00,1.68
2021-09-30,1146.29,8.64,RS(4.0) Vol(0.0) SMA(3.0) Volatility(1.6),1101.71,1235.45,TAKE_PROFIT_HIT,0.67,8.64,RS(4.0) Vol(0.0) SMA(3.0) Volatility(1.6),4.00,0.00,3.00,1.64
2021-10-01,1148.31,8.78,RS(3.9) Vol(0.1) SMA(3.0) Volatility(1.7),1105.05,1234.85,TAKE_PROFIT_HIT,0.56,8.78,RS(3.9) Vol(0.1) SMA(3.0) Volatility(1.7),3.94,0.14,3.00,1.69
2021-10-04,1163.08,8.66,RS(4.0) Vol(0.0) SMA(3.0) Volatility(1.7),1118.31,1252.63,HOLD_20_DAYS,-2.17,8.66,RS(4.0) Vol(0.0) SMA(3.0) Volatility(1.7),4.00,0.00,3.00,1.66
2021-10-05,1187.22,8.61,RS(4.0) Vol(0.0) SMA(3.0) Volatility(1.6),1140.02,1281.62,STOP_LOSS_HIT,-4.81,8.61,RS(4.0) Vol(0.0) SMA(3.0) Volatility(1.6),4.00,0.00,3.00,1.61
2021-10-06,1164.76,8.88,RS(4.0) Vol(0.3) SMA(3.0) Volatility(1.6),1117.62,1259.05,HOLD_20_DAYS,-2.38,8.88,RS(4.0) Vol(0.3) SMA(3.0) Volatility(1.6),4.00,0.30,3.00,1.58
2021-10-07,1170.47,8.66,RS(4.0) Vol(0.0) SMA(3.0) Volatility(1.7),1126.02,1259.38,STOP_LOSS_HIT,-2.74,8.66,RS(4.0) Vol(0.0) SMA(3.0) Volatility(1.7),3.98,0.00,3.00,1.68
2021-10-08,1215.45,7.77,RS(3.2) Vol(0.0) SMA(3.0) Volatility(1.6),1166.86,1312.63,STOP_LOSS_HIT,-5.60,7.77,RS(3.2) Vol(0.0) SMA(3.0) Volatility(1.6),3.17,0.00,3.00,1.60
2021-10-11,1206.99,9.22,RS(4.0) Vol(0.7) SMA(3.0) Volatility(1.5),1155.66,1309.64,STOP_LOSS_HIT,-3.87,9.22,RS(4.0) Vol(0.7) SMA(3.0) Volatility(1.5),4.00,0.72,3.00,1.50
2021-10-12,1213.88,8.90,RS(4.0) Vol(0.4) SMA(3.0) Volatility(1.5),1162.69,1316.27,STOP_LOSS_HIT,-4.25,8.90,RS(4.0) Vol(0.4) SMA(3.0) Volatility(1.5),4.00,0.39,3.00,1.51
2021-10-13,1226.23,8.51,RS(4.0) Vol(0.0) SMA(3.0) Volatility(1.6),1176.00,1326.70,STOP_LOSS_HIT,-3.78,8.51,RS(4.0) Vol(0.0) SMA(3.0) Volatility(1.6),3.95,0.00,3.00,1.56
2021-10-14,1228.71,7.94,RS(3.4) Vol(0.0) SMA(3.0) Volatility(1.6),1178.69,1328.77,STOP_LOSS_HIT,-4.54,7.94,RS(3.4) Vol(0.0) SMA(3.0) Volatility(1.6),3.37,0.00,3.00,1.57
2021-10-18,1231.99,7.06,RS(2.5) Vol(0.0) SMA(3.0) Volatility(1.5),1180.14,1335.69,STOP_LOSS_HIT,-7.01,7.06,RS(2.5) Vol(0.0) SMA(3.0) Volatility(1.5),2.55,0.00,3.00,1.52
2021-10-19,1243.02,8.23,RS(3.5) Vol(0.2) SMA(3.0) Volatility(1.5),1191.72,1345.64,STOP_LOSS_HIT,-9.80,8.23,RS(3.5) Vol(0.2) SMA(3.0) Volatility(1.5),3.45,0.23,3.00,1.55
2021-10-20,1228.71,8.10,RS(3.6) Vol(0.0) SMA(3.0) Volatility(1.5),1177.32,1331.50,STOP_LOSS_HIT,-8.41,8.10,RS(3.6) Vol(0.0) SMA(3.0) Volatility(1.5),3.57,0.00,3.00,1.53
2022-01-04,1118.47,7.51,RS(3.0) Vol(0.0) SMA(3.0) Volatility(1.5),1071.60,1212.20,STOP_LOSS_HIT,-3.03,7.51,RS(3.0) Vol(0.0) SMA(3.0) Volatility(1.5),2.98,0.00,3.00,1.52
2022-01-05,1123.70,8.54,RS(4.0) Vol(0.0) SMA(3.0) Volatility(1.5),1077.01,1217.07,STOP_LOSS_HIT,-4.73,8.54,RS(4.0) Vol(0.0) SMA(3.0) Volatility(1.5),4.00,0.00,3.00,1.54
2022-01-10,1109.32,8.46,RS(3.5) Vol(0.2) SMA(3.0) Volatility(1.8),1069.26,1189.43,STOP_LOSS_HIT,-3.36,8.46,RS(3.5) Vol(0.2) SMA(3.0) Volatility(1.8),3.47,0.23,3.00,1.76
2022-01-11,1117.30,8.81,RS(4.0) Vol(0.0) SMA(3.0) Volatility(1.8),1078.59,1194.73,STOP_LOSS_HIT,-2.93,8.81,RS(4.0) Vol(0.0) SMA(3.0) Volatility(1.8),4.00,0.00,3.00,1.81
2022-01-12,1147.13,9.55,RS(4.0) Vol(0.8) SMA(3.0) Volatility(1.7),1105.33,1230.72,STOP_LOSS_HIT,-5.56,9.55,RS(4.0) Vol(0.8) SMA(3.0) Volatility(1.7),4.00,0.80,3.00,1.74
2022-01-13,1153.59,9.25,RS(4.0) Vol(0.5) SMA(3.0) Volatility(1.8),1113.22,1234.34,STOP_LOSS_HIT,-6.27,9.25,RS(4.0) Vol(0.5) SMA(3.0) Volatility(1.8),4.00,0.45,3.00,1.80
2022-01-14,1155.28,8.78,RS(4.0) Vol(0.0) SMA(3.0) Volatility(1.8),1114.15,1237.53,STOP_LOSS_HIT,-7.89,8.78,RS(4.0) Vol(0.0) SMA(3.0) Volatility(1.8),4.00,0.00,3.00,1.78
2022-01-17,1161.30,10.42,RS(4.0) Vol(1.6) SMA(3.0) Volatility(1.8),1120.61,1242.70,STOP_LOSS_HIT,-5.26,10.42,RS(4.0) Vol(1.6) SMA(3.0) Volatility(1.8),4.00,1.62,3.00,1.80
2022-01-18,1147.45,8.76,RS(4.0) Vol(0.0) SMA(3.0) Volatility(1.8),1106.12,1230.11,STOP_LOSS_HIT,-4.32,8.76,RS(4.0) Vol(0.0) SMA(3.0) Volatility(1.8),4.00,0.00,3.00,1.76
2022-01-19,1147.36,7.25,RS(2.4) Vol(0.0) SMA(3.0) Volatility(1.8),1107.74,1226.59,STOP_LOSS_HIT,-3.10,7.25,RS(2.4) Vol(0.0) SMA(3.0) Volatility(1.8),2.43,0.00,3.00,1.82
2022-01-20,1127.27,7.48,RS(2.8) Vol(0.0) SMA(3.0) Volatility(1.7),1084.94,1211.93,STOP_LOSS_HIT,-2.14,7.48,RS(2.8) Vol(0.0) SMA(3.0) Volatility(1.7),2.78,0.00,3.00,1.70
2022-01-21,1127.45,9.21,RS(3.5) Vol(1.0) SMA(3.0) Volatility(1.7),1084.74,1212.88,STOP_LOSS_HIT,-3.15,9.21,RS(3.5) Vol(1.0) SMA(3.0) Volatility(1.7),3.50,1.03,3.00,1.68
2022-02-16,1097.92,7.35,RS(2.8) Vol(0.0) SMA(3.0) Volatility(1.5),1052.29,1189.18,STOP_LOSS_HIT,2.85,7.35,RS(2.8) Vol(0.0) SMA(3.0) Volatility(1.5),2.81,0.00,3.00,1.54
2022-02-18,1103.13,8.09,RS(3.2) Vol(0.3) SMA(3.0) Volatility(1.6),1059.90,1189.59,STOP_LOSS_HIT,4.40,8.09,RS(3.2) Vol(0.3) SMA(3.0) Volatility(1.6),3.17,0.28,3.00,1.63
2022-03-23,1155.37,10.44,RS(4.0) Vol(2.3) SMA(3.0) Volatility(1.1),1094.58,1276.95,HOLD_20_DAYS,8.65,10.44,RS(4.0) Vol(2.3) SMA(3.0) Volatility(1.1),4.00,2.35,3.00,1.10
2022-03-24,1173.32,8.73,RS(4.0) Vol(0.7) SMA(3.0) Volatility(1.1),1110.62,1298.71,HOLD_20_DAYS,4.51,8.73,RS(4.0) Vol(0.7) SMA(3.0) Volatility(1.1),4.00,0.66,3.00,1.06
2022-03-25,1181.14,8.05,RS(3.8) Vol(0.1) SMA(3.0) Volatility(1.1),1119.68,1304.07,HOLD_20_DAYS,6.93,8.05,RS(3.8) Vol(0.1) SMA(3.0) Volatility(1.1),3.81,0.12,3.00,1.12
2022-03-30,1216.22,7.10,RS(2.6) Vol(0.0) SMA(3.0) Volatility(1.5),1165.01,1318.66,STOP_LOSS_HIT,4.39,7.10,RS(2.6) Vol(0.0) SMA(3.0) Volatility(1.5),2.58,0.00,3.00,1.52
2022-03-31,1198.84,9.34,RS(4.0) Vol(0.8) SMA(3.0) Volatility(1.5),1148.05,1300.43,STOP_LOSS_HIT,5.53,9.34,RS(4.0) Vol(0.8) SMA(3.0) Volatility(1.5),4.00,0.84,3.00,1.51
2022-04-01,1208.44,8.71,RS(4.0) Vol(0.2) SMA(3.0) Volatility(1.5),1157.12,1311.09,STOP_LOSS_HIT,1.42,8.71,RS(4.0) Vol(0.2) SMA(3.0) Volatility(1.5),4.00,0.21,3.00,1.50
2022-04-04,1212.02,8.54,RS(4.0) Vol(0.0) SMA(3.0) Volatility(1.5),1161.80,1312.45,STOP_LOSS_HIT,-0.86,8.54,RS(4.0) Vol(0.0) SMA(3.0) Volatility(1.5),4.00,0.00,3.00,1.54
2022-04-05,1194.88,8.60,RS(4.0) Vol(0.0) SMA(3.0) Volatility(1.6),1147.13,1290.39,TAKE_PROFIT_HIT,-0.21,8.60,RS(4.0) Vol(0.0) SMA(3.0) Volatility(1.6),4.00,0.00,3.00,1.60
2022-04-06,1191.70,8.58,RS(3.9) Vol(0.1) SMA(3.0) Volatility(1.6),1143.75,1287.59,STOP_LOSS_HIT,-3.85,8.58,RS(3.9) Vol(0.1) SMA(3.0) Volatility(1.6),3.88,0.12,3.00,1.59
2022-04-07,1170.68,8.66,RS(4.0) Vol(0.0) SMA(3.0) Volatility(1.7),1125.46,1261.11,STOP_LOSS_HIT,-3.82,8.66,RS(4.0) Vol(0.0) SMA(3.0) Volatility(1.7),4.00,0.00,3.00,1.66
2022-04-08,1190.15,8.48,RS(3.3) Vol(0.6) SMA(3.0) Volatility(1.6),1143.64,1283.18,STOP_LOSS_HIT,-6.36,8.48,RS(3.3) Vol(0.6) SMA(3.0) Volatility(1.6),3.27,0.58,3.00,1.64
2022-04-11,1187.67,9.14,RS(4.0) Vol(0.5) SMA(3.0) Volatility(1.7),1142.83,1277.35,STOP_LOSS_HIT,-8.08,9.14,RS(4.0) Vol(0.5) SMA(3.0) Volatility(1.7),4.00,0.45,3.00,1.69
2022-04-12,1165.31,8.63,RS(4.0) Vol(0.0) SMA(3.0) Volatility(1.6),1119.63,1256.67,STOP_LOSS_HIT,-5.25,8.63,RS(4.0) Vol(0.0) SMA(3.0) Volatility(1.6),4.00,0.00,3.00,1.63
2022-04-21,1265.89,9.94,RS(2.7) Vol(2.7) SMA(3.0) Volatility(1.5),1212.73,1372.21,STOP_LOSS_HIT,-5.67,9.94,RS(2.7) Vol(2.7) SMA(3.0) Volatility(1.5),2.73,2.69,3.00,1.52
2022-04-28,1283.07,9.08,RS(3.9) Vol(1.0) SMA(3.0) Volatility(1.2),1218.13,1412.93,STOP_LOSS_HIT,-8.68,9.08,RS(3.9) Vol(1.0) SMA(3.0) Volatility(1.2),3.88,1.03,3.00,1.18
2022-08-01,1171.59,8.54,RS(4.0) Vol(0.0) SMA(3.0) Volatility(1.5),1123.03,1268.69,HOLD_20_DAYS,-0.24,8.54,RS(4.0) Vol(0.0) SMA(3.0) Volatility(1.5),4.00,0.00,3.00,1.54
2022-08-02,1176.05,8.60,RS(4.0) Vol(0.0) SMA(3.0) Volatility(1.6),1128.45,1271.24,HOLD_20_DAYS,-1.78,8.60,RS(4.0) Vol(0.0) SMA(3.0) Volatility(1.6),4.00,0.02,3.00,1.58
2022-08-03,1185.92,8.63,RS(4.0) Vol(0.0) SMA(3.0) Volatility(1.6),1139.27,1279.23,HOLD_20_DAYS,-1.08,8.63,RS(4.0) Vol(0.0) SMA(3.0) Volatility(1.6),4.00,0.00,3.00,1.63
2022-08-10,1175.07,7.85,RS(3.3) Vol(0.0) SMA(3.0) Volatility(1.6),1128.20,1268.81,HOLD_20_DAYS,-0.19,7.85,RS(3.3) Vol(0.0) SMA(3.0) Volatility(1.6),3.25,0.00,3.00,1.60
2022-08-11,1178.98,8.55,RS(3.9) Vol(0.0) SMA(3.0) Volatility(1.6),1132.50,1271.94,HOLD_20_DAYS,0.60,8.55,RS(3.9) Vol(0.0) SMA(3.0) Volatility(1.6),3.93,0.00,3.00,1.62
2022-08-16,1206.37,8.75,RS(4.0) Vol(0.0) SMA(3.0) Volatility(1.7),1162.56,1294.01,STOP_LOSS_HIT,-2.06,8.75,RS(4.0) Vol(0.0) SMA(3.0) Volatility(1.7),4.00,0.00,3.00,1.75
2022-08-17,1212.68,7.54,RS(2.8) Vol(0.0) SMA(3.0) Volatility(1.8),1169.31,1299.41,STOP_LOSS_HIT,-3.53,7.54,RS(2.8) Vol(0.0) SMA(3.0) Volatility(1.8),2.77,0.00,3.00,1.77
2022-08-24,1205.04,8.83,RS(4.0) Vol(0.0) SMA(3.0) Volatility(1.8),1163.75,1287.60,STOP_LOSS_HIT,-5.82,8.83,RS(4.0) Vol(0.0) SMA(3.0) Volatility(1.8),4.00,0.00,3.00,1.83
2022-08-25,1201.52,8.83,RS(4.0) Vol(0.0) SMA(3.0) Volatility(1.8),1160.38,1283.81,STOP_LOSS_HIT,-7.32,8.83,RS(4.0) Vol(0.0) SMA(3.0) Volatility(1.8),4.00,0.00,3.00,1.83
2022-08-26,1195.11,8.91,RS(4.0) Vol(0.0) SMA(3.0) Volatility(1.9),1156.54,1272.25,STOP_LOSS_HIT,-9.19,8.91,RS(4.0) Vol(0.0) SMA(3.0) Volatility(1.9),4.00,0.00,3.00,1.91
2022-08-29,1185.82,8.84,RS(4.0) Vol(0.0) SMA(3.0) Volatility(1.8),1145.60,1266.25,STOP_LOSS_HIT,-7.75,8.84,RS(4.0) Vol(0.0) SMA(3.0) Volatility(1.8),4.00,0.00,3.00,1.84
2022-08-30,1204.22,10.12,RS(4.0) Vol(1.3) SMA(3.0) Volatility(1.8),1162.94,1286.77,STOP_LOSS_HIT,-11.58,10.12,RS(4.0) Vol(1.3) SMA(3.0) Volatility(1.8),4.00,1.29,3.00,1.83
2022-09-01,1168.81,10.67,RS(4.0) Vol(2.0) SMA(3.0) Volatility(1.7),1123.98,1258.48,STOP_LOSS_HIT,-9.18,10.67,RS(4.0) Vol(2.0) SMA(3.0) Volatility(1.7),4.00,2.00,3.00,1.67
2022-09-06,1185.45,7.77,RS(3.1) Vol(0.0) SMA(3.0) Volatility(1.6),1139.42,1277.52,STOP_LOSS_HIT,-7.07,7.77,RS(3.1) Vol(0.0) SMA(3.0) Volatility(1.6),3.13,0.00,3.00,1.65
2022-10-31,1163.88,8.89,RS(2.0) Vol(2.3) SMA(3.0) Volatility(1.5),1115.64,1260.37,HOLD_20_DAYS,6.38,8.89,RS(2.0) Vol(2.3) SMA(3.0) Volatility(1.5),2.03,2.33,3.00,1.54
2022-11-01,1154.87,8.44,RS(3.2) Vol(0.8) SMA(3.0) Volatility(1.5),1104.73,1255.15,HOLD_20_DAYS,7.96,8.44,RS(3.2) Vol(0.8) SMA(3.0) Volatility(1.5),3.22,0.76,3.00,1.46
2022-11-02,1162.08,8.02,RS(2.3) Vol(1.2) SMA(3.0) Volatility(1.5),1112.16,1261.92,HOLD_20_DAYS,6.98,8.02,RS(2.3) Vol(1.2) SMA(3.0) Volatility(1.5),2.32,1.22,3.00,1.48
2022-11-03,1166.42,7.07,RS(2.6) Vol(0.0) SMA(3.0) Volatility(1.5),1116.46,1266.33,HOLD_20_DAYS,6.54,7.07,RS(2.6) Vol(0.0) SMA(3.0) Volatility(1.5),2.58,0.00,3.00,1.49
2022-11-07,1189.90,8.20,RS(2.6) Vol(1.0) SMA(3.0) Volatility(1.6),1142.06,1285.59,HOLD_20_DAYS,3.21,8.20,RS(2.6) Vol(1.0) SMA(3.0) Volatility(1.6),2.58,1.03,3.00,1.59
2022-11-09,1188.72,9.21,RS(4.0) Vol(0.6) SMA(3.0) Volatility(1.6),1142.33,1281.48,STOP_LOSS_HIT,1.79,9.21,RS(4.0) Vol(0.6) SMA(3.0) Volatility(1.6),4.00,0.57,3.00,1.64
2022-11-10,1174.34,8.99,RS(4.0) Vol(0.3) SMA(3.0) Volatility(1.7),1130.90,1261.22,HOLD_20_DAYS,2.98,8.99,RS(4.0) Vol(0.3) SMA(3.0) Volatility(1.7),4.00,0.27,3.00,1.72
2022-11-11,1201.41,8.69,RS(4.0) Vol(0.0) SMA(3.0) Volatility(1.7),1156.05,1292.13,STOP_LOSS_HIT,-0.86,8.69,RS(4.0) Vol(0.0) SMA(3.0) Volatility(1.7),4.00,0.00,3.00,1.69
2022-11-14,1195.59,9.13,RS(4.0) Vol(0.4) SMA(3.0) Volatility(1.7),1151.07,1284.62,STOP_LOSS_HIT,-0.23,9.13,RS(4.0) Vol(0.4) SMA(3.0) Volatility(1.7),4.00,0.42,3.00,1.71
2022-11-15,1190.22,8.73,RS(4.0) Vol(0.0) SMA(3.0) Volatility(1.7),1146.41,1277.85,STOP_LOSS_HIT,0.68,8.73,RS(4.0) Vol(0.0) SMA(3.0) Volatility(1.7),4.00,0.00,3.00,1.73
2022-11-16,1183.40,8.45,RS(3.7) Vol(0.0) SMA(3.0) Volatility(1.8),1141.31,1267.58,HOLD_20_DAYS,0.89,8.45,RS(3.7) Vol(0.0) SMA(3.0) Volatility(1.8),3.67,0.00,3.00,1.78
2022-11-17,1186.46,7.18,RS(2.4) Vol(0.0) SMA(3.0) Volatility(1.8),1144.54,1270.30,STOP_LOSS_HIT,-0.80,7.18,RS(2.4) Vol(0.0) SMA(3.0) Volatility(1.8),2.39,0.00,3.00,1.79
2022-11-29,1238.11,8.81,RS(1.2) Vol(3.0) SMA(3.0) Volatility(1.6),1189.61,1335.12,STOP_LOSS_HIT,-6.18,8.81,RS(1.2) Vol(3.0) SMA(3.0) Volatility(1.6),1.18,3.00,3.00,1.63
2022-11-30,1246.85,8.51,RS(3.3) Vol(0.6) SMA(3.0) Volatility(1.6),1197.94,1344.67,STOP_LOSS_HIT,-6.84,8.51,RS(3.3) Vol(0.6) SMA(3.0) Volatility(1.6),3.26,0.62,3.00,1.63
2022-12-01,1243.18,11.68,RS(4.0) Vol(3.0) SMA(3.0) Volatility(1.7),1195.86,1337.80,STOP_LOSS_HIT,-6.61,11.68,RS(4.0) Vol(3.0) SMA(3.0) Volatility(1.7),4.00,3.00,3.00,1.68
2022-12-02,1242.65,7.86,RS(3.1) Vol(0.1) SMA(3.0) Volatility(1.7),1194.65,1338.65,STOP_LOSS_HIT,-6.43,7.86,RS(3.1) Vol(0.1) SMA(3.0) Volatility(1.7),3.10,0.11,3.00,1.65
2022-12-05,1224.53,8.76,RS(3.4) Vol(0.7) SMA(3.0) Volatility(1.6),1176.02,1321.54,STOP_LOSS_HIT,-3.97,8.76,RS(3.4) Vol(0.7) SMA(3.0) Volatility(1.6),3.41,0.74,3.00,1.62
2022-12-06,1228.07,10.40,RS(4.0) Vol(1.8) SMA(3.0) Volatility(1.6),1179.47,1325.26,STOP_LOSS_HIT,-4.95,10.40,RS(4.0) Vol(1.8) SMA(3.0) Volatility(1.6),4.00,1.78,3.00,1.62
2022-12-07,1209.94,8.55,RS(4.0) Vol(0.0) SMA(3.0) Volatility(1.6),1160.05,1309.73,STOP_LOSS_HIT,-4.98,8.55,RS(4.0) Vol(0.0) SMA(3.0) Volatility(1.6),4.00,0.00,3.00,1.55
2022-12-08,1209.37,8.58,RS(4.0) Vol(0.0) SMA(3.0) Volatility(1.6),1160.33,1307.46,STOP_LOSS_HIT,-5.10,8.58,RS(4.0) Vol(0.0) SMA(3.0) Volatility(1.6),4.00,0.00,3.00,1.58
2022-12-09,1191.05,8.55,RS(4.0) Vol(0.0) SMA(3.0) Volatility(1.5),1141.77,1289.60,STOP_LOSS_HIT,-2.77,8.55,RS(4.0) Vol(0.0) SMA(3.0) Volatility(1.5),4.00,0.00,3.00,1.55
2022-12-12,1192.87,9.56,RS(4.0) Vol(1.0) SMA(3.0) Volatility(1.5),1143.20,1292.21,STOP_LOSS_HIT,-0.62,9.56,RS(4.0) Vol(1.0) SMA(3.0) Volatility(1.5),4.00,1.02,3.00,1.53
2023-04-06,1068.86,8.85,RS(3.8) Vol(0.4) SMA(3.0) Volatility(1.6),1026.97,1152.66,HOLD_20_DAYS,5.90,8.85,RS(3.8) Vol(0.4) SMA(3.0) Volatility(1.6),3.77,0.44,3.00,1.63
2023-04-12,1071.24,7.93,RS(3.2) Vol(0.0) SMA(3.0) Volatility(1.8),1032.64,1148.43,HOLD_20_DAYS,5.87,7.93,RS(3.2) Vol(0.0) SMA(3.0) Volatility(1.8),3.17,0.00,3.00,1.76
2023-04-13,1075.28,9.87,RS(4.0) Vol(1.0) SMA(3.0) Volatility(1.9),1039.87,1146.09,HOLD_20_DAYS,5.68,9.87,RS(4.0) Vol(1.0) SMA(3.0) Volatility(1.9),4.00,0.98,3.00,1.88
2023-04-17,1080.73,8.76,RS(4.0) Vol(0.0) SMA(3.0) Volatility(1.8),1041.80,1158.60,HOLD_20_DAYS,3.65,8.76,RS(4.0) Vol(0.0) SMA(3.0) Volatility(1.8),4.00,0.00,3.00,1.76
2023-04-18,1068.36,9.49,RS(4.0) Vol(0.8) SMA(3.0) Volatility(1.7),1028.29,1148.51,HOLD_20_DAYS,4.23,9.49,RS(4.0) Vol(0.8) SMA(3.0) Volatility(1.7),4.00,0.79,3.00,1.70
2023-04-19,1073.68,8.77,RS(4.0) Vol(0.0) SMA(3.0) Volatility(1.8),1035.32,1150.40,HOLD_20_DAYS,3.49,8.77,RS(4.0) Vol(0.0) SMA(3.0) Volatility(1.8),4.00,0.00,3.00,1.77
2023-04-20,1070.96,8.00,RS(3.2) Vol(0.0) SMA(3.0) Volatility(1.8),1034.36,1144.17,TAKE_PROFIT_HIT,4.09,8.00,RS(3.2) Vol(0.0) SMA(3.0) Volatility(1.8),3.16,0.00,3.00,1.83
2023-04-25,1084.66,7.32,RS(2.3) Vol(0.0) SMA(3.0) Volatility(2.0),1053.11,1147.75,HOLD_20_DAYS,2.70,7.32,RS(2.3) Vol(0.0) SMA(3.0) Volatility(2.0),2.32,0.00,3.00,2.00
2023-04-26,1078.29,7.85,RS(2.9) Vol(0.0) SMA(3.0) Volatility(2.0),1046.87,1141.13,TAKE_PROFIT_HIT,3.30,7.85,RS(2.9) Vol(0.0) SMA(3.0) Volatility(2.0),2.85,0.00,3.00,2.00
2023-05-02,1114.33,7.21,RS(1.7) Vol(0.6) SMA(3.0) Volatility(2.0),1083.57,1175.85,HOLD_20_DAYS,3.23,7.21,RS(1.7) Vol(0.6) SMA(3.0) Volatility(2.0),1.65,0.55,3.00,2.00
2023-05-08,1128.41,7.86,RS(2.9) Vol(0.0) SMA(3.0) Volatility(2.0),1098.76,1187.73,HOLD_20_DAYS,0.22,7.86,RS(2.9) Vol(0.0) SMA(3.0) Volatility(2.0),2.86,0.00,3.00,2.00
2023-05-09,1131.91,8.83,RS(3.8) Vol(0.0) SMA(3.0) Volatility(2.0),1104.04,1187.64,STOP_LOSS_HIT,-0.01,8.83,RS(3.8) Vol(0.0) SMA(3.0) Volatility(2.0),3.83,0.00,3.00,2.00
2023-05-10,1139.69,8.65,RS(3.6) Vol(0.0) SMA(3.0) Volatility(2.0),1112.18,1194.72,STOP_LOSS_HIT,0.06,8.65,RS(3.6) Vol(0.0) SMA(3.0) Volatility(2.0),3.65,0.00,3.00,2.00
2023-05-11,1132.25,9.00,RS(4.0) Vol(0.0) SMA(3.0) Volatility(2.0),1104.34,1188.07,STOP_LOSS_HIT,0.78,9.00,RS(4.0) Vol(0.0) SMA(3.0) Volatility(2.0),4.00,0.00,3.00,2.00
2023-05-12,1134.10,9.00,RS(4.0) Vol(0.0) SMA(3.0) Volatility(2.0),1105.78,1190.74,STOP_LOSS_HIT,-0.10,9.00,RS(4.0) Vol(0.0) SMA(3.0) Volatility(2.0),4.00,0.00,3.00,2.00
2023-05-15,1136.33,9.00,RS(4.0) Vol(0.0) SMA(3.0) Volatility(2.0),1108.11,1192.78,STOP_LOSS_HIT,-0.20,9.00,RS(4.0) Vol(0.0) SMA(3.0) Volatility(2.0),4.00,0.00,3.00,2.00
2023-05-16,1120.15,8.97,RS(4.0) Vol(0.0) SMA(3.0) Volatility(2.0),1090.67,1179.12,HOLD_20_DAYS,2.73,8.97,RS(4.0) Vol(0.0) SMA(3.0) Volatility(2.0),3.97,0.00,3.00,2.00
2023-05-17,1113.53,8.21,RS(3.2) Vol(0.0) SMA(3.0) Volatility(2.0),1083.79,1173.01,HOLD_20_DAYS,4.61,8.21,RS(3.2) Vol(0.0) SMA(3.0) Volatility(2.0),3.21,0.00,3.00,2.00
2023-05-18,1111.14,8.14,RS(3.1) Vol(0.0) SMA(3.0) Volatility(2.0),1080.88,1171.65,HOLD_20_DAYS,4.87,8.14,RS(3.1) Vol(0.0) SMA(3.0) Volatility(2.0),3.14,0.00,3.00,2.00
2023-05-19,1114.74,7.71,RS(2.7) Vol(0.0) SMA(3.0) Volatility(2.0),1085.77,1172.68,TAKE_PROFIT_HIT,5.55,7.71,RS(2.7) Vol(0.0) SMA(3.0) Volatility(2.0),2.71,0.00,3.00,2.00
2023-05-29,1150.65,7.76,RS(2.1) Vol(0.6) SMA(3.0) Volatility(2.0),1120.37,1211.19,STOP_LOSS_HIT,-0.99,7.76,RS(2.1) Vol(0.6) SMA(3.0) Volatility(2.0),2.14,0.62,3.00,2.00
2023-05-30,1150.35,7.61,RS(2.6) Vol(0.0) SMA(3.0) Volatility(2.0),1119.88,1211.29,STOP_LOSS_HIT,-0.93,7.61,RS(2.6) Vol(0.0) SMA(3.0) Volatility(2.0),2.61,0.00,3.00,2.00
2023-05-31,1127.50,8.98,RS(3.7) Vol(0.3) SMA(3.0) Volatility(2.0),1095.33,1191.83,HOLD_20_DAYS,2.41,8.98,RS(3.7) Vol(0.3) SMA(3.0) Volatility(2.0),3.69,0.29,3.00,2.00
2023-06-01,1124.47,11.14,RS(3.1) Vol(3.0) SMA(3.0) Volatility(2.0),1092.56,1188.28,HOLD_20_DAYS,3.53,11.14,RS(3.1) Vol(3.0) SMA(3.0) Volatility(2.0),3.14,3.00,3.00,2.00
2023-06-02,1120.79,8.21,RS(2.0) Vol(1.2) SMA(3.0) Volatility(2.0),1088.86,1184.66,TAKE_PROFIT_HIT,6.54,8.21,RS(2.0) Vol(1.2) SMA(3.0) Volatility(2.0),1.98,1.23,3.00,2.00
2023-06-05,1130.86,9.72,RS(3.2) Vol(1.5) SMA(3.0) Volatility(2.0),1100.28,1192.00,TAKE_PROFIT_HIT,4.50,9.72,RS(3.2) Vol(1.5) SMA(3.0) Volatility(2.0),3.19,1.53,3.00,2.00
2023-06-06,1131.81,8.58,RS(3.5) Vol(0.1) SMA(3.0) Volatility(2.0),1101.91,1191.62,TAKE_PROFIT_HIT,4.24,8.58,RS(3.5) Vol(0.1) SMA(3.0) Volatility(2.0),3.45,0.13,3.00,2.00
2023-06-07,1140.40,8.52,RS(3.5) Vol(0.0) SMA(3.0) Volatility(2.0),1110.66,1199.88,TAKE_PROFIT_HIT,5.63,8.52,RS(3.5) Vol(0.0) SMA(3.0) Volatility(2.0),3.52,0.00,3.00,2.00
2023-06-08,1141.08,9.04,RS(4.0) Vol(0.0) SMA(3.0) Volatility(2.0),1111.42,1200.40,TAKE_PROFIT_HIT,5.36,9.04,RS(4.0) Vol(0.0) SMA(3.0) Volatility(2.0),4.00,0.04,3.00,2.00
2023-06-09,1133.00,9.56,RS(4.0) Vol(0.6) SMA(3.0) Volatility(2.0),1103.54,1191.92,TAKE_PROFIT_HIT,10.20,9.56,RS(4.0) Vol(0.6) SMA(3.0) Volatility(2.0),4.00,0.56,3.00,2.00
2023-06-15,1165.23,7.22,RS(0.9) Vol(1.3) SMA(3.0) Volatility(2.0),1137.11,1221.46,STOP_LOSS_HIT,7.37,7.22,RS(0.9) Vol(1.3) SMA(3.0) Volatility(2.0),0.89,1.33,3.00,2.00
2023-06-16,1176.57,7.36,RS(1.5) Vol(0.9) SMA(3.0) Volatility(2.0),1148.04,1233.64,STOP_LOSS_HIT,8.51,7.36,RS(1.5) Vol(0.9) SMA(3.0) Volatility(2.0),1.51,0.85,3.00,2.00
2023-06-19,1164.89,9.30,RS(1.3) Vol(3.0) SMA(3.0) Volatility(2.0),1135.18,1224.30,STOP_LOSS_HIT,10.53,9.30,RS(1.3) Vol(3.0) SMA(3.0) Volatility(2.0),1.30,3.00,3.00,2.00
2023-07-07,1202.23,9.49,RS(1.9) Vol(2.6) SMA(3.0) Volatility(2.0),1167.20,1272.29,TAKE_PROFIT_HIT,3.24,9.49,RS(1.9) Vol(2.6) SMA(3.0) Volatility(2.0),1.91,2.58,3.00,2.00
2023-07-10,1248.54,8.45,RS(2.6) Vol(0.9) SMA(3.0) Volatility(1.9),1208.23,1329.17,HOLD_20_DAYS,-0.02,8.45,RS(2.6) Vol(0.9) SMA(3.0) Volatility(1.9),2.63,0.90,3.00,1.91
2023-07-11,1262.08,11.91,RS(4.0) Vol(3.0) SMA(3.0) Volatility(1.9),1221.37,1343.48,STOP_LOSS_HIT,-1.69,11.91,RS(4.0) Vol(3.0) SMA(3.0) Volatility(1.9),4.00,3.00,3.00,1.91
2023-07-12,1263.47,11.49,RS(4.0) Vol(2.6) SMA(3.0) Volatility(1.9),1221.56,1347.29,STOP_LOSS_HIT,-1.15,11.49,RS(4.0) Vol(2.6) SMA(3.0) Volatility(1.9),4.00,2.62,3.00,1.87
2023-07-13,1252.17,10.91,RS(4.0) Vol(2.1) SMA(3.0) Volatility(1.8),1208.93,1338.66,HOLD_20_DAYS,0.18,10.91,RS(4.0) Vol(2.1) SMA(3.0) Volatility(1.8),4.00,2.10,3.00,1.82
2023-07-14,1251.12,9.58,RS(3.9) Vol(0.9) SMA(3.0) Volatility(1.8),1207.07,1339.21,HOLD_20_DAYS,0.69,9.58,RS(3.9) Vol(0.9) SMA(3.0) Volatility(1.8),3.86,0.93,3.00,1.79
2023-07-17,1276.68,9.67,RS(4.0) Vol(1.0) SMA(3.0) Volatility(1.7),1228.70,1372.65,STOP_LOSS_HIT,-0.16,9.67,RS(4.0) Vol(1.0) SMA(3.0) Volatility(1.7),3.96,1.02,3.00,1.70
2023-07-18,1287.53,10.17,RS(2.6) Vol(2.9) SMA(3.0) Volatility(1.7),1238.14,1386.31,STOP_LOSS_HIT,-1.08,10.17,RS(2.6) Vol(2.9) SMA(3.0) Volatility(1.7),2.63,2.87,3.00,1.67
2023-07-19,1297.29,11.64,RS(4.0) Vol(3.0) SMA(3.0) Volatility(1.6),1246.76,1398.37,STOP_LOSS_HIT,-3.24,11.64,RS(4.0) Vol(3.0) SMA(3.0) Volatility(1.6),4.00,3.00,3.00,1.64
2023-07-20,1295.72,11.58,RS(4.0) Vol(3.0) SMA(3.0) Volatility(1.6),1243.36,1400.46,STOP_LOSS_HIT,-2.41,11.58,RS(4.0) Vol(3.0) SMA(3.0) Volatility(1.6),4.00,3.00,3.00,1.58
2023-07-21,1255.61,11.35,RS(3.9) Vol(3.0) SMA(3.0) Volatility(1.5),1201.13,1364.59,HOLD_20_DAYS,-0.39,11.35,RS(3.9) Vol(3.0) SMA(3.0) Volatility(1.5),3.88,3.00,3.00,1.46
2023-07-24,1230.22,9.15,RS(1.8) Vol(3.0) SMA(3.0) Volatility(1.4),1174.20,1342.26,HOLD_20_DAYS,1.64,9.15,RS(1.8) Vol(3.0) SMA(3.0) Volatility(1.4),1.77,3.00,3.00,1.38
2023-08-21,1250.74,7.28,RS(1.2) Vol(1.3) SMA(3.0) Volatility(1.8),1206.36,1339.50,STOP_LOSS_HIT,-3.32,7.28,RS(1.2) Vol(1.3) SMA(3.0) Volatility(1.8),1.25,1.25,3.00,1.78
2023-11-16,1171.68,7.39,RS(1.9) Vol(0.5) SMA(3.0) Volatility(2.0),1140.75,1233.54,TAKE_PROFIT_HIT,5.71,7.39,RS(1.9) Vol(0.5) SMA(3.0) Volatility(2.0),1.88,0.51,3.00,2.00
2023-11-17,1169.12,7.42,RS(1.6) Vol(0.8) SMA(3.0) Volatility(2.0),1140.02,1227.33,TAKE_PROFIT_HIT,7.02,7.42,RS(1.6) Vol(0.8) SMA(3.0) Volatility(2.0),1.65,0.78,3.00,2.00
2023-12-05,1209.92,7.45,RS(0.9) Vol(1.6) SMA(3.0) Volatility(2.0),1183.68,1262.40,TAKE_PROFIT_HIT,5.97,7.45,RS(0.9) Vol(1.6) SMA(3.0) Volatility(2.0),0.86,1.59,3.00,2.00
2023-12-06,1221.51,8.21,RS(2.5) Vol(0.7) SMA(3.0) Volatility(2.0),1195.93,1272.66,STOP_LOSS_HIT,5.51,8.21,RS(2.5) Vol(0.7) SMA(3.0) Volatility(2.0),2.47,0.74,3.00,2.00
2023-12-07,1219.50,9.77,RS(3.0) Vol(1.8) SMA(3.0) Volatility(2.0),1194.50,1269.50,STOP_LOSS_HIT,6.13,9.77,RS(3.0) Vol(1.8) SMA(3.0) Volatility(2.0),2.98,1.80,3.00,2.00
2023-12-08,1218.85,7.89,RS(2.9) Vol(0.0) SMA(3.0) Volatility(2.0),1193.11,1270.34,TAKE_PROFIT_HIT,5.36,7.89,RS(2.9) Vol(0.0) SMA(3.0) Volatility(2.0),2.89,0.00,3.00,2.00
2023-12-11,1220.64,8.34,RS(3.3) Vol(0.0) SMA(3.0) Volatility(2.0),1195.38,1271.17,STOP_LOSS_HIT,4.93,8.34,RS(3.3) Vol(0.0) SMA(3.0) Volatility(2.0),3.34,0.00,3.00,2.00
2023-12-12,1203.12,8.29,RS(3.3) Vol(0.0) SMA(3.0) Volatility(2.0),1177.42,1254.52,TAKE_PROFIT_HIT,9.33,8.29,RS(3.3) Vol(0.0) SMA(3.0) Volatility(2.0),3.29,0.00,3.00,2.00
2023-12-13,1208.03,8.17,RS(3.2) Vol(0.0) SMA(3.0) Volatility(2.0),1181.64,1260.82,TAKE_PROFIT_HIT,11.74,8.17,RS(3.2) Vol(0.0) SMA(3.0) Volatility(2.0),3.17,0.00,3.00,2.00
2023-12-14,1223.02,7.96,RS(3.0) Vol(0.0) SMA(3.0) Volatility(2.0),1194.56,1279.95,TAKE_PROFIT_HIT,11.25,7.96,RS(3.0) Vol(0.0) SMA(3.0) Volatility(2.0),2.96,0.00,3.00,2.00
2023-12-15,1238.63,10.96,RS(4.0) Vol(2.0) SMA(3.0) Volatility(2.0),1208.44,1299.01,TAKE_PROFIT_HIT,11.73,10.96,RS(4.0) Vol(2.0) SMA(3.0) Volatility(2.0),4.00,1.96,3.00,2.00
2023-12-18,1251.24,10.58,RS(4.0) Vol(1.6) SMA(3.0) Volatility(2.0),1219.67,1314.38,TAKE_PROFIT_HIT,9.05,10.58,RS(4.0) Vol(1.6) SMA(3.0) Volatility(2.0),4.00,1.58,3.00,2.00
2023-12-19,1269.65,10.01,RS(4.0) Vol(1.0) SMA(3.0) Volatility(2.0),1235.58,1337.81,TAKE_PROFIT_HIT,6.45,10.01,RS(4.0) Vol(1.0) SMA(3.0) Volatility(2.0),4.00,1.01,3.00,2.00
2023-12-20,1254.29,10.76,RS(4.0) Vol(1.8) SMA(3.0) Volatility(2.0),1216.81,1329.26,TAKE_PROFIT_HIT,8.26,10.76,RS(4.0) Vol(1.8) SMA(3.0) Volatility(2.0),4.00,1.76,3.00,2.00
2023-12-21,1271.86,9.52,RS(2.8) Vol(1.8) SMA(3.0) Volatility(1.9),1231.80,1351.98,TAKE_PROFIT_HIT,6.73,9.52,RS(2.8) Vol(1.8) SMA(3.0) Volatility(1.9),2.81,1.78,3.00,1.94
2023-12-22,1273.10,8.90,RS(3.4) Vol(0.5) SMA(3.0) Volatility(2.0),1234.64,1350.03,TAKE_PROFIT_HIT,3.59,8.90,RS(3.4) Vol(0.5) SMA(3.0) Volatility(2.0),3.37,0.53,3.00,1.99
2023-12-26,1279.55,9.08,RS(3.0) Vol(1.1) SMA(3.0) Volatility(2.0),1240.48,1357.70,TAKE_PROFIT_HIT,4.26,9.08,RS(3.0) Vol(1.1) SMA(3.0) Volatility(2.0),2.96,1.14,3.00,1.98
2023-12-27,1283.92,8.55,RS(3.5) Vol(0.0) SMA(3.0) Volatility(2.0),1245.64,1360.49,TAKE_PROFIT_HIT,4.61,8.55,RS(3.5) Vol(0.0) SMA(3.0) Volatility(2.0),3.55,0.00,3.00,2.00
2023-12-28,1293.20,9.00,RS(4.0) Vol(0.0) SMA(3.0) Volatility(2.0),1254.49,1370.63,TAKE_PROFIT_HIT,11.15,9.00,RS(4.0) Vol(0.0) SMA(3.0) Volatility(2.0),4.00,0.00,3.00,2.00
2023-12-29,1282.98,9.47,RS(4.0) Vol(0.5) SMA(3.0) Volatility(2.0),1244.05,1360.83,TAKE_PROFIT_HIT,8.91,9.47,RS(4.0) Vol(0.5) SMA(3.0) Volatility(2.0),4.00,0.48,3.00,1.99
2024-01-01,1285.61,7.79,RS(2.8) Vol(0.1) SMA(3.0) Volatility(1.9),1245.37,1366.09,TAKE_PROFIT_HIT,10.15,7.79,RS(2.8) Vol(0.1) SMA(3.0) Volatility(1.9),2.76,0.07,3.00,1.95
2024-01-02,1296.26,7.03,RS(2.1) Vol(0.0) SMA(3.0) Volatility(2.0),1256.22,1376.33,TAKE_PROFIT_HIT,9.25,7.03,RS(2.1) Vol(0.0) SMA(3.0) Volatility(2.0),2.07,0.00,3.00,1.96
2024-01-03,1282.16,7.45,RS(2.6) Vol(0.0) SMA(3.0) Volatility(1.9),1240.37,1365.75,TAKE_PROFIT_HIT,12.86,7.45,RS(2.6) Vol(0.0) SMA(3.0) Volatility(1.9),2.56,0.00,3.00,1.90
2024-01-05,1294.27,8.10,RS(3.1) Vol(0.0) SMA(3.0) Volatility(2.0),1254.10,1374.61,TAKE_PROFIT_HIT,9.51,8.10,RS(3.1) Vol(0.0) SMA(3.0) Volatility(2.0),3.15,0.00,3.00,1.96
2024-01-08,1284.17,8.62,RS(3.7) Vol(0.0) SMA(3.0) Volatility(1.9),1242.65,1367.21,TAKE_PROFIT_HIT,11.48,8.62,RS(3.7) Vol(0.0) SMA(3.0) Volatility(1.9),3.72,0.00,3.00,1.91
2024-01-09,1280.77,8.95,RS(4.0) Vol(0.0) SMA(3.0) Volatility(2.0),1240.90,1360.51,TAKE_PROFIT_HIT,12.39,8.95,RS(4.0) Vol(0.0) SMA(3.0) Volatility(2.0),4.00,0.00,3.00,1.95
2024-01-10,1315.31,8.07,RS(3.1) Vol(0.0) SMA(3.0) Volatility(2.0),1275.08,1395.78,TAKE_PROFIT_HIT,10.24,8.07,RS(3.1) Vol(0.0) SMA(3.0) Volatility(2.0),3.09,0.00,3.00,1.98
2024-01-11,1349.91,9.26,RS(4.0) Vol(0.3) SMA(3.0) Volatility(2.0),1308.28,1433.16,TAKE_PROFIT_HIT,6.80,9.26,RS(4.0) Vol(0.3) SMA(3.0) Volatility(2.0),4.00,0.29,3.00,1.97
2024-01-12,1360.65,11.93,RS(4.0) Vol(3.0) SMA(3.0) Volatility(1.9),1317.48,1447.01,STOP_LOSS_HIT,6.89,11.93,RS(4.0) Vol(3.0) SMA(3.0) Volatility(1.9),4.00,3.00,3.00,1.93
2024-01-15,1383.88,10.16,RS(4.0) Vol(1.3) SMA(3.0) Volatility(1.9),1338.46,1474.72,STOP_LOSS_HIT,6.26,10.16,RS(4.0) Vol(1.3) SMA(3.0) Volatility(1.9),4.00,1.28,3.00,1.89
2024-01-16,1364.53,8.82,RS(4.0) Vol(0.0) SMA(3.0) Volatility(1.8),1317.35,1458.88,STOP_LOSS_HIT,6.98,8.82,RS(4.0) Vol(0.0) SMA(3.0) Volatility(1.8),4.00,0.00,3.00,1.82
2024-01-17,1351.57,8.73,RS(4.0) Vol(0.0) SMA(3.0) Volatility(1.7),1301.74,1451.23,TAKE_PROFIT_HIT,7.27,8.73,RS(4.0) Vol(0.0) SMA(3.0) Volatility(1.7),4.00,0.00,3.00,1.73
2024-01-18,1357.90,9.20,RS(4.0) Vol(0.5) SMA(3.0) Volatility(1.7),1307.73,1458.24,TAKE_PROFIT_HIT,7.75,9.20,RS(4.0) Vol(0.5) SMA(3.0) Volatility(1.7),4.00,0.47,3.00,1.72
2024-01-19,1357.40,8.49,RS(3.8) Vol(0.0) SMA(3.0) Volatility(1.7),1307.21,1457.78,TAKE_PROFIT_HIT,7.57,8.49,RS(3.8) Vol(0.0) SMA(3.0) Volatility(1.7),3.77,0.00,3.00,1.72
2024-01-23,1318.81,7.11,RS(2.6) Vol(0.0) SMA(3.0) Volatility(1.6),1264.63,1427.19,TAKE_PROFIT_HIT,10.47,7.11,RS(2.6) Vol(0.0) SMA(3.0) Volatility(1.6),2.56,0.00,3.00,1.56
2024-01-25,1343.13,8.92,RS(1.7) Vol(2.6) SMA(3.0) Volatility(1.5),1287.42,1454.56,TAKE_PROFIT_HIT,10.39,8.92,RS(1.7) Vol(2.6) SMA(3.0) Volatility(1.5),1.74,2.64,3.00,1.54
2024-01-30,1397.28,9.84,RS(2.7) Vol(3.0) SMA(3.0) Volatility(1.2),1325.71,1540.44,HOLD_20_DAYS,5.54,9.84,RS(2.7) Vol(3.0) SMA(3.0) Volatility(1.2),2.69,3.00,3.00,1.15
2024-02-05,1428.45,10.25,RS(4.0) Vol(2.1) SMA(3.0) Volatility(1.1),1353.69,1577.98,HOLD_20_DAYS,4.75,10.25,RS(4.0) Vol(2.1) SMA(3.0) Volatility(1.1),4.00,2.15,3.00,1.11
2024-02-08,1439.47,8.17,RS(4.0) Vol(0.0) SMA(3.0) Volatility(1.2),1366.38,1585.65,HOLD_20_DAYS,1.99,8.17,RS(4.0) Vol(0.0) SMA(3.0) Volatility(1.2),4.00,0.00,3.00,1.17
2024-02-09,1450.02,9.02,RS(4.0) Vol(0.8) SMA(3.0) Volatility(1.2),1376.63,1596.79,HOLD_20_DAYS,0.40,9.02,RS(4.0) Vol(0.8) SMA(3.0) Volatility(1.2),4.00,0.85,3.00,1.18
2024-02-12,1441.68,7.98,RS(3.7) Vol(0.1) SMA(3.0) Volatility(1.2),1368.06,1588.92,HOLD_20_DAYS,1.59,7.98,RS(3.7) Vol(0.1) SMA(3.0) Volatility(1.2),3.68,0.14,3.00,1.16
2024-04-01,1473.87,9.52,RS(1.7) Vol(3.0) SMA(3.0) Volatility(1.8),1423.44,1574.71,HOLD_20_DAYS,-1.23,9.52,RS(1.7) Vol(3.0) SMA(3.0) Volatility(1.8),1.69,3.00,3.00,1.83
2024-04-03,1460.79,8.54,RS(3.7) Vol(0.0) SMA(3.0) Volatility(1.9),1411.99,1558.39,STOP_LOSS_HIT,-3.54,8.54,RS(3.7) Vol(0.0) SMA(3.0) Volatility(1.9),3.67,0.00,3.00,1.86
2024-04-04,1452.18,7.47,RS(2.5) Vol(0.0) SMA(3.0) Volatility(2.0),1407.00,1542.53,STOP_LOSS_HIT,-4.20,7.47,RS(2.5) Vol(0.0) SMA(3.0) Volatility(2.0),2.51,0.00,3.00,1.96
2024-04-05,1449.37,8.82,RS(2.4) Vol(1.4) SMA(3.0) Volatility(2.0),1405.36,1537.39,STOP_LOSS_HIT,-2.85,8.82,RS(2.4) Vol(1.4) SMA(3.0) Volatility(2.0),2.44,1.40,3.00,1.99
2024-04-09,1452.90,7.21,RS(2.3) Vol(0.0) SMA(3.0) Volatility(1.9),1407.09,1544.50,STOP_LOSS_HIT,-3.84,7.21,RS(2.3) Vol(0.0) SMA(3.0) Volatility(1.9),2.27,0.00,3.00,1.94
2024-05-23,1475.13,7.44,RS(2.8) Vol(0.0) SMA(3.0) Volatility(1.6),1417.33,1590.74,STOP_LOSS_HIT,-2.14,7.44,RS(2.8) Vol(0.0) SMA(3.0) Volatility(1.6),2.80,0.00,3.00,1.63
2024-05-24,1469.37,8.09,RS(2.3) Vol(1.0) SMA(3.0) Volatility(1.8),1418.15,1571.82,STOP_LOSS_HIT,-2.62,8.09,RS(2.3) Vol(1.0) SMA(3.0) Volatility(1.8),2.29,1.00,3.00,1.81
2024-05-27,1455.48,8.73,RS(3.9) Vol(0.0) SMA(3.0) Volatility(1.8),1404.06,1558.31,STOP_LOSS_HIT,-0.83,8.73,RS(3.9) Vol(0.0) SMA(3.0) Volatility(1.8),3.95,0.00,3.00,1.79
2024-05-28,1445.50,7.70,RS(2.9) Vol(0.0) SMA(3.0) Volatility(1.8),1394.51,1547.48,STOP_LOSS_HIT,3.97,7.70,RS(2.9) Vol(0.0) SMA(3.0) Volatility(1.8),2.91,0.00,3.00,1.79
2024-06-03,1499.23,7.86,RS(0.1) Vol(3.0) SMA(3.0) Volatility(1.7),1444.02,1609.65,STOP_LOSS_HIT,3.63,7.86,RS(0.1) Vol(3.0) SMA(3.0) Volatility(1.7),0.14,3.00,3.00,1.73
2024-06-04,1387.01,8.10,RS(4.0) Vol(3.0) SMA(0.0) Volatility(1.1),1314.22,1532.60,TAKE_PROFIT_HIT,11.10,8.10,RS(4.0) Vol(3.0) SMA(0.0) Volatility(1.1),4.00,3.00,0.00,1.10
2024-06-27,1519.30,9.44,RS(1.7) Vol(3.0) SMA(3.0) Volatility(1.7),1463.06,1631.79,STOP_LOSS_HIT,-1.41,9.44,RS(1.7) Vol(3.0) SMA(3.0) Volatility(1.7),1.72,3.00,3.00,1.72
2024-06-28,1553.90,11.60,RS(3.9) Vol(3.0) SMA(3.0) Volatility(1.7),1496.96,1667.78,STOP_LOSS_HIT,-2.89,11.60,RS(3.9) Vol(3.0) SMA(3.0) Volatility(1.7),3.87,3.00,3.00,1.73
2024-07-01,1548.69,11.73,RS(4.0) Vol(3.0) SMA(3.0) Volatility(1.7),1491.96,1662.13,STOP_LOSS_HIT,-3.01,11.73,RS(4.0) Vol(3.0) SMA(3.0) Volatility(1.7),4.00,3.00,3.00,1.73
2024-07-02,1553.68,8.75,RS(4.0) Vol(0.0) SMA(3.0) Volatility(1.7),1497.31,1666.41,STOP_LOSS_HIT,-3.82,8.75,RS(4.0) Vol(0.0) SMA(3.0) Volatility(1.7),4.00,0.00,3.00,1.75
2024-07-03,1541.02,8.69,RS(4.0) Vol(0.0) SMA(3.0) Volatility(1.7),1483.03,1656.99,STOP_LOSS_HIT,-2.39,8.69,RS(4.0) Vol(0.0) SMA(3.0) Volatility(1.7),4.00,0.00,3.00,1.69
2024-07-04,1542.61,8.68,RS(4.0) Vol(0.0) SMA(3.0) Volatility(1.7),1483.98,1659.87,STOP_LOSS_HIT,-3.52,8.68,RS(4.0) Vol(0.0) SMA(3.0) Volatility(1.7),4.00,0.00,3.00,1.68
2024-07-05,1576.95,8.61,RS(4.0) Vol(0.0) SMA(3.0) Volatility(1.6),1514.35,1702.17,STOP_LOSS_HIT,-8.89,8.61,RS(4.0) Vol(0.0) SMA(3.0) Volatility(1.6),4.00,0.00,3.00,1.61
2024-07-08,1589.14,9.13,RS(4.0) Vol(0.5) SMA(3.0) Volatility(1.6),1525.08,1717.25,STOP_LOSS_HIT,-9.05,9.13,RS(4.0) Vol(0.5) SMA(3.0) Volatility(1.6),4.00,0.54,3.00,1.59
2024-07-09,1578.59,8.62,RS(4.0) Vol(0.0) SMA(3.0) Volatility(1.6),1516.11,1703.56,STOP_LOSS_HIT,-7.89,8.62,RS(4.0) Vol(0.0) SMA(3.0) Volatility(1.6),4.00,0.00,3.00,1.62
2024-07-10,1572.59,8.60,RS(4.0) Vol(0.0) SMA(3.0) Volatility(1.6),1509.87,1698.01,STOP_LOSS_HIT,-8.53,8.60,RS(4.0) Vol(0.0) SMA(3.0) Volatility(1.6),4.00,0.00,3.00,1.60
2024-07-11,1569.04,7.87,RS(3.3) Vol(0.0) SMA(3.0) Volatility(1.6),1506.38,1694.35,STOP_LOSS_HIT,-6.73,7.87,RS(3.3) Vol(0.0) SMA(3.0) Volatility(1.6),3.27,0.00,3.00,1.60
2024-07-19,1543.72,7.35,RS(1.9) Vol(0.8) SMA(3.0) Volatility(1.7),1485.65,1659.88,STOP_LOSS_HIT,-3.97,7.35,RS(1.9) Vol(0.8) SMA(3.0) Volatility(1.7),1.89,0.77,3.00,1.70
2024-09-25,1488.01,7.24,RS(0.1) Vol(2.2) SMA(3.0) Volatility(2.0),1448.40,1567.23,STOP_LOSS_HIT,-10.32,7.24,RS(0.1) Vol(2.2) SMA(3.0) Volatility(2.0),0.05,2.19,3.00,2.00
2024-09-30,1470.70,7.10,RS(2.2) Vol(3.0) SMA(0.0) Volatility(1.9),1424.68,1562.73,STOP_LOSS_HIT,-9.25,7.10,RS(2.2) Vol(3.0) SMA(0.0) Volatility(1.9),2.16,3.00,0.00,1.95
2025-04-24,1296.42,8.22,RS(4.0) Vol(0.0) SMA(3.0) Volatility(1.2),1232.24,1424.78,TAKE_PROFIT_HIT,9.62,8.22,RS(4.0) Vol(0.0) SMA(3.0) Volatility(1.2),4.00,0.00,3.00,1.22
2025-04-28,1363.35,8.56,RS(4.0) Vol(0.6) SMA(3.0) Volatility(1.0),1287.66,1514.74,HOLD_20_DAYS,3.89,8.56,RS(4.0) Vol(0.6) SMA(3.0) Volatility(1.0),4.00,0.58,3.00,0.98
2025-04-29,1394.13,11.08,RS(4.0) Vol(3.0) SMA(3.0) Volatility(1.1),1320.36,1541.69,HOLD_20_DAYS,0.94,11.08,RS(4.0) Vol(3.0) SMA(3.0) Volatility(1.1),4.00,3.00,3.00,1.08
2025-04-30,1399.41,11.28,RS(4.0) Vol(3.0) SMA(3.0) Volatility(1.3),1332.24,1533.75,HOLD_20_DAYS,0.91,11.28,RS(4.0) Vol(3.0) SMA(3.0) Volatility(1.3),4.00,3.00,3.00,1.28
2025-05-02,1414.15,10.99,RS(4.0) Vol(2.6) SMA(3.0) Volatility(1.3),1348.64,1545.19,HOLD_20_DAYS,0.08,10.99,RS(4.0) Vol(2.6) SMA(3.0) Volatility(1.3),4.00,2.64,3.00,1.35
2025-05-05,1425.61,8.37,RS(4.0) Vol(0.0) SMA(3.0) Volatility(1.4),1360.39,1556.04,HOLD_20_DAYS,-1.23,8.37,RS(4.0) Vol(0.0) SMA(3.0) Volatility(1.4),4.00,0.00,3.00,1.37
2025-05-06,1415.25,8.42,RS(4.0) Vol(0.0) SMA(3.0) Volatility(1.4),1352.29,1541.16,HOLD_20_DAYS,-1.08,8.42,RS(4.0) Vol(0.0) SMA(3.0) Volatility(1.4),4.00,0.00,3.00,1.42
2025-05-07,1400.41,8.64,RS(4.0) Vol(0.2) SMA(3.0) Volatility(1.4),1338.92,1523.37,HOLD_20_DAYS,1.24,8.64,RS(4.0) Vol(0.2) SMA(3.0) Volatility(1.4),4.00,0.20,3.00,1.44
2025-05-08,1401.40,8.41,RS(4.0) Vol(0.0) SMA(3.0) Volatility(1.4),1338.37,1527.47,HOLD_20_DAYS,2.52,8.41,RS(4.0) Vol(0.0) SMA(3.0) Volatility(1.4),4.00,0.01,3.00,1.40
2025-05-12,1430.79,8.43,RS(4.0) Vol(0.0) SMA(3.0) Volatility(1.4),1366.64,1559.07,HOLD_20_DAYS,0.86,8.43,RS(4.0) Vol(0.0) SMA(3.0) Volatility(1.4),4.00,0.03,3.00,1.41
2025-05-13,1410.07,8.31,RS(4.0) Vol(0.0) SMA(3.0) Volatility(1.3),1343.41,1543.39,HOLD_20_DAYS,1.61,8.31,RS(4.0) Vol(0.0) SMA(3.0) Volatility(1.3),4.00,0.00,3.00,1.31
2025-05-14,1418.73,8.35,RS(4.0) Vol(0.0) SMA(3.0) Volatility(1.3),1352.95,1550.29,HOLD_20_DAYS,1.72,8.35,RS(4.0) Vol(0.0) SMA(3.0) Volatility(1.3),4.00,0.00,3.00,1.35
2025-05-15,1448.42,7.48,RS(3.2) Vol(0.0) SMA(3.0) Volatility(1.2),1377.73,1589.79,HOLD_20_DAYS,-0.87,7.48,RS(3.2) Vol(0.0) SMA(3.0) Volatility(1.2),3.23,0.00,3.00,1.25
2025-05-16,1450.61,9.81,RS(4.0) Vol(1.5) SMA(3.0) Volatility(1.3),1383.25,1585.33,HOLD_20_DAYS,-1.96,9.81,RS(4.0) Vol(1.5) SMA(3.0) Volatility(1.3),4.00,1.47,3.00,1.34
2025-05-19,1435.07,8.54,RS(4.0) Vol(0.0) SMA(3.0) Volatility(1.5),1375.68,1553.85,HOLD_20_DAYS,-0.21,8.54,RS(4.0) Vol(0.0) SMA(3.0) Volatility(1.5),4.00,0.00,3.00,1.54
2025-05-20,1418.93,7.96,RS(3.4) Vol(0.0) SMA(3.0) Volatility(1.6),1362.23,1532.34,HOLD_20_DAYS,0.46,7.96,RS(3.4) Vol(0.0) SMA(3.0) Volatility(1.6),3.36,0.00,3.00,1.60
2025-05-21,1423.51,7.97,RS(3.3) Vol(0.0) SMA(3.0) Volatility(1.7),1370.41,1529.72,HOLD_20_DAYS,0.06,7.97,RS(3.3) Vol(0.0) SMA(3.0) Volatility(1.7),3.26,0.00,3.00,1.71
2025-05-22,1403.79,8.08,RS(3.4) Vol(0.0) SMA(3.0) Volatility(1.6),1349.18,1513.01,HOLD_20_DAYS,1.70,8.08,RS(3.4) Vol(0.0) SMA(3.0) Volatility(1.6),3.44,0.00,3.00,1.64
2025-05-26,1429.09,8.66,RS(4.0) Vol(0.0) SMA(3.0) Volatility(1.7),1374.20,1538.88,HOLD_20_DAYS,1.53,8.66,RS(4.0) Vol(0.0) SMA(3.0) Volatility(1.7),4.00,0.00,3.00,1.66
2025-06-20,1460.37,8.54,RS(3.6) Vol(0.0) SMA(3.0) Volatility(2.0),1415.50,1550.09,HOLD_20_DAYS,0.67,8.54,RS(3.6) Vol(0.0) SMA(3.0) Volatility(2.0),3.57,0.00,3.00,1.97
2025-06-23,1451.00,11.96,RS(4.0) Vol(3.0) SMA(3.0) Volatility(2.0),1405.98,1541.05,TAKE_PROFIT_HIT,-1.94,11.96,RS(4.0) Vol(3.0) SMA(3.0) Volatility(2.0),4.00,3.00,3.00,1.96
2025-06-24,1445.03,8.91,RS(4.0) Vol(0.0) SMA(3.0) Volatility(1.9),1398.34,1538.40,TAKE_PROFIT_HIT,-2.62,8.91,RS(4.0) Vol(0.0) SMA(3.0) Volatility(1.9),4.00,0.00,3.00,1.91
2025-06-25,1461.46,9.56,RS(2.9) Vol(1.7) SMA(3.0) Volatility(2.0),1416.14,1552.10,STOP_LOSS_HIT,-2.91,9.56,RS(2.9) Vol(1.7) SMA(3.0) Volatility(2.0),2.93,1.68,3.00,1.96
2025-06-27,1509.37,9.45,RS(3.3) Vol(1.3) SMA(3.0) Volatility(1.9),1459.51,1609.09,STOP_LOSS_HIT,-8.16,9.45,RS(3.3) Vol(1.3) SMA(3.0) Volatility(1.9),3.26,1.32,3.00,1.88
2025-06-30,1494.63,7.63,RS(2.5) Vol(0.3) SMA(3.0) Volatility(1.8),1443.22,1597.45,STOP_LOSS_HIT,-7.53,7.63,RS(2.5) Vol(0.3) SMA(3.0) Volatility(1.8),2.53,0.27,3.00,1.82
2025-07-02,1512.76,7.27,RS(2.3) Vol(0.1) SMA(3.0) Volatility(1.8),1461.36,1615.55,STOP_LOSS_HIT,-7.16,7.27,RS(2.3) Vol(0.1) SMA(3.0) Volatility(1.8),2.28,0.15,3.00,1.84
